,id,proba
0,4337,0.5739082002699394
1,264,0.9929756244259893
2,2955,0.9936935665089522
3,1109,0.9982878786005756
4,6353,0.6263607634383969
5,5680,0.5827591453982748
6,6596,0.6382654999566713
7,7984,0.7241630557202748
8,2432,0.9861701238507822
9,1157,0.9741040949271222
10,10745,0.6468914672498933
11,4050,0.564769267192006
12,9009,0.6945040349979916
13,5215,0.6285619703330247
14,2928,0.9992394729882909
15,5301,0.5710051037281818
16,2553,0.7544450047934025
17,3350,0.5400706196345175
18,9364,0.6429680442310028
19,3211,0.5406774596038361
20,9624,0.5547431541762298
21,10093,0.6675928111877264
22,8218,0.5254174387771959
23,3551,0.629309582268307
24,5393,0.6621296362346918
25,5376,0.671473903605977
26,7563,0.5256570536099838
27,3118,0.9630102245116755
28,8919,0.5286892049419946
29,1410,0.5649674725546915
30,10083,0.5952441427769262
31,6555,0.5531040801412959
32,10965,0.55944846517396
33,1539,0.550872428057699
34,10183,0.5026072039129752
35,9935,0.7175679066247205
36,10567,0.6991505772209532
37,764,0.9226939064300018
38,10694,0.5349921440753753
39,7270,0.6022738009721122
40,1492,0.8906684284756199
41,2266,0.9933219527932524
42,1356,0.5022120149801816
43,10929,0.6698734581882062
44,5018,0.5930612100505459
45,4983,0.6138387907972068
46,400,0.9868019664042832
47,10962,0.5493558010647419
48,4506,0.56268871269476
49,10326,0.5312672346296783
50,5392,0.5158968807785453
51,2849,0.9955868245600304
52,6528,0.5384232044224319
53,9772,0.5866445741231912
54,7834,0.5558214793498149
55,2839,0.9961653797429805
56,5445,0.618387206737673
57,4400,0.5426382256281292
58,8617,0.5859428624631298
59,8312,0.621312358743256
60,10755,0.5863293758371074
61,4926,0.5186416094933508
62,9487,0.5734960111670511
63,2094,0.5295201109110537
64,7485,0.6748623125377526
65,924,0.9922958550032671
66,10284,0.6127886600165426
67,6823,0.5537036904776372
68,4157,0.6802418073500807
69,7898,0.5256320108261369
70,3112,0.9882284155236882
71,7554,0.6190106365766169
72,6606,0.5177727364158945
73,738,0.8349190620828095
74,6163,0.52562819009611
75,7145,0.6230578924752398
76,1697,0.9952561532679879
77,3083,0.9444453430084563
78,6791,0.5882990189331225
79,8116,0.5540998513107784
80,8754,0.5263951338027886
81,10778,0.5321189078839217
82,574,0.9219004407017074
83,3962,0.5340385639900729
84,8165,0.5733635605344747
85,3079,0.9987665083861893
86,271,0.7283239080537566
87,4283,0.5114549239573052
88,10336,0.5988211335690934
89,450,0.9216753614602419
90,416,0.9555253080129763
91,10519,0.5210138550846144
92,9890,0.5277758784196183
93,5746,0.5529607692969405
94,2028,0.8854311035184725
95,6083,0.5560694895267602
96,8936,0.5375595121756556
97,9786,0.5017491326731637
98,3260,0.5012731976314919
99,7212,0.5166170703531651
100,1110,0.9899441558263399
101,8671,0.6102240599844487
102,9606,0.5518971680237692
103,3541,0.5044378949179562
104,4680,0.5570655180193678
105,5160,0.522314771079657
106,925,0.9909616511556439
107,6916,0.7149348958930516
108,8974,0.6255038762846272
109,2280,0.9983270747576622
110,2060,0.9548749756015511
111,9911,0.5336097661121348
112,8761,0.510894963695603
113,2212,0.7259730381050866
114,8362,0.6586416614372733
115,5880,0.5413365463952673
116,9406,0.583833351943805
117,5594,0.7217710324545072
118,6369,0.6176609992890547
119,6404,0.5062476709727306
120,3416,0.518145920943594
121,7173,0.5155838688812258
122,4179,0.6798049675320239
123,8234,0.5299206876880607
124,8470,0.638761789396265
125,2604,0.9923024677824657
126,8291,0.6268036627752787
127,9176,0.671256283931718
128,1297,0.9956318581174203
129,600,0.5242895035294357
130,1272,0.5542182430983104
131,10355,0.5055003003724038
132,742,0.9611291861159498
133,10685,0.5941819183950385
134,7629,0.6033680178763288
135,6908,0.6368857312417402
136,5921,0.6267122516097836
137,1073,0.5777049464433717
138,3414,0.5537850813794273
139,2364,0.8152727394768595
140,1406,0.880430439831468
141,5777,0.6262433867703782
142,10756,0.6384909205710315
143,10281,0.5153579533328136
144,773,0.9915484188593979
145,9853,0.5361977893319317
146,7809,0.6274843310804503
147,5093,0.5395028708451426
148,2439,0.9943448313812956
149,8778,0.733055956124712
150,6898,0.6144957335424889
151,1148,0.9393477010800912
152,6914,0.5339419832162107
153,4309,0.5005037837860027
154,4593,0.5100099002748251
155,6428,0.6454175553147745
156,2146,0.9910563183050347
157,6882,0.5276294340353741
158,1631,0.9981571957980558
159,168,0.9905861560325503
160,3677,0.6994479831817063
161,967,0.9953534892383642
162,4542,0.5335448841815125
163,1945,0.9949275127059869
164,7010,0.6224683733264947
165,1873,0.5727647048952095
166,2470,0.9987608987674503
167,8786,0.5728758463437564
168,6456,0.5524659297811612
169,10853,0.5024509961478225
170,1555,0.9881241622577683
171,792,0.9625542015073446
172,2662,0.9978273238819417
173,989,0.9456868119645961
174,3183,0.5381219128503032
175,8967,0.6204516031178816
176,4922,0.5022876871367848
177,5109,0.6146158079728476
178,1820,0.9959433647596465
179,9572,0.5443441227700169
180,5346,0.6547997356900845
181,1602,0.9974710338313862
182,10243,0.539327343197438
183,7587,0.5179625833341277
184,8171,0.5434344185488903
185,7083,0.5231149644792346
186,8964,0.5735489638983814
187,8614,0.5944202926591611
188,1486,0.9870325426711278
189,7119,0.5517276895497549
190,4142,0.6359439723117559
191,8715,0.5885519677274909
192,2612,0.7507496882387454
193,7946,0.6122892195968659
194,8153,0.6203056830888222
195,4617,0.5879669179799388
196,7188,0.5816280286043999
197,7848,0.522057896596053
198,2324,0.6595797503032381
199,6304,0.5437202138578305
200,6789,0.6523944613965722
201,1141,0.5753726598658954
202,9616,0.5434386023743076
203,10166,0.6868302296781048
204,1423,0.8952437818125706
205,10543,0.5993999716367991
206,5230,0.635667565144139
207,5586,0.6749579999482247
208,66,0.9939476921926943
209,5123,0.5470783847574623
210,3705,0.5254275749649195
211,297,0.6814669824356226
212,9816,0.5359502658162733
213,10313,0.6781666386851075
214,8968,0.5635396934276892
215,10665,0.5474117316965428
216,1511,0.876014508898034
217,8287,0.5516988392663547
218,3925,0.6609453332479521
219,3231,0.6267771554669095
220,8955,0.5709049901941621
221,214,0.913683158454645
222,10829,0.5545397600124594
223,10738,0.5178450417682012
224,3061,0.9985206556873385
225,6711,0.6841672939156939
226,10743,0.7000680140239015
227,7184,0.6554668267211402
228,8048,0.5994107597878218
229,7353,0.7068902917361712
230,743,0.9985659182845048
231,1463,0.9636285289640608
232,2946,0.6802284834567587
233,1842,0.9978571953461278
234,6140,0.5777544048422234
235,2775,0.9914240162275822
236,3696,0.5713037792477171
237,9338,0.6254059399185594
238,2290,0.9938757038283346
239,1387,0.9634570662266021
240,6351,0.6781234715334046
241,5300,0.6318835985409252
242,998,0.991919370160525
243,3000,0.8838717728195675
244,957,0.9992101671155719
245,8724,0.6719202366595403
246,4820,0.5783180098170142
247,6378,0.6053182878130572
248,8810,0.5502305846276266
249,10260,0.6550085350580939
250,4343,0.6584498207326444
251,2751,0.9954658444417704
252,4931,0.6208068759536005
253,7918,0.6104887006458322
254,7959,0.5786849181839181
255,9152,0.5425635951300044
256,7975,0.65803806630928
257,7450,0.5224870847597978
258,2922,0.9720279984115953
259,10119,0.6375257946870541
260,6081,0.580552443488565
261,8493,0.5301983902000256
262,3019,0.8417501538138075
263,7986,0.5594160177828829
264,10584,0.5928546284392412
265,3554,0.6189953829120247
266,9882,0.6804015492149125
267,8100,0.61651740723959
268,2840,0.9097416750671092
269,9225,0.5242720892486432
270,10762,0.5820862333860867
271,7980,0.5000118176405935
272,4038,0.5036717892641904
273,2830,0.9982974050715434
274,5904,0.5008823261203517
275,10205,0.5635504054662245
276,10969,0.5550883894698599
277,4359,0.5207737168936922
278,8351,0.5423007720128146
279,10270,0.6391113401684847
280,10960,0.5880025292435006
281,381,0.9974653905189352
282,3392,0.5265015450581394
283,9548,0.6187438380184944
284,1588,0.9817747846207067
285,10418,0.7471624989488022
286,5394,0.6186721678682847
287,100,0.9106320533326899
288,10656,0.5795317944020547
289,4401,0.6098722828466745
290,2492,0.99230100632221
291,10454,0.5011325460533916
292,9448,0.5120671651792025
293,9369,0.6978044001167018
294,9881,0.5106701004250775
295,246,0.9838817080730874
296,4584,0.6638177940560741
297,427,0.9967860455418008
298,6123,0.5255806644901978
299,10322,0.5927934988526984
300,8656,0.5157886374828584
301,2128,0.5128398297559631
302,3959,0.6200261568370129
303,1658,0.9850430629768577
304,7266,0.5227795706264879
305,898,0.9326251877219757
306,922,0.989994169272994
307,9048,0.5817767758465548
308,906,0.8156775618860617
309,6565,0.5179741314988899
310,4323,0.5441297659452075
311,1786,0.9895440846598401
312,3967,0.575012491492981
313,6019,0.5713722167797687
314,4082,0.5631624285794761
315,2116,0.6782660549515976
316,4034,0.5339465720683217
317,7471,0.6743729718977923
318,4673,0.644188986289232
319,8054,0.5185047764048565
320,3678,0.5279693471301647
321,6387,0.5952293345868915
322,481,0.7846416914836365
323,557,0.6641032161687409
324,4947,0.584345462951098
325,9656,0.5273836843430031
326,2986,0.8819996129477508
327,8204,0.643818778410636
328,3194,0.6038437817589887
329,2183,0.9966162464931646
330,10605,0.659227961192103
331,4942,0.5165548220540377
332,3601,0.6918169697683625
333,2803,0.9994468342532259
334,9295,0.6376500477322979
335,9412,0.6551214289255866
336,7507,0.5378905667838326
337,599,0.9628657935781002
338,911,0.9346947613082116
339,6967,0.5834724157493965
340,10466,0.533775664522255
341,6013,0.5753793130696755
342,7401,0.6305042693548836
343,3957,0.6076443175690436
344,6222,0.5898121652336913
345,7470,0.6537122334381061
346,6538,0.5562143543289394
347,5045,0.5663276581390606
348,1096,0.8990640545866241
349,6891,0.5444529284287799
350,6173,0.5038245176774466
351,7071,0.557769642695415
352,9871,0.5311721215822691
353,667,0.9798072001448321
354,1183,0.9976864461355727
355,6016,0.6781057336602564
356,852,0.99799152186685
357,7729,0.591187409124969
358,7508,0.6420753622296049
359,9972,0.5687303950880019
360,10042,0.6622970997463702
361,7179,0.5183924105133464
362,6783,0.5956754855572441
363,2067,0.765616989908347
364,7606,0.5912231980865565
365,1082,0.9952776837003514
366,8981,0.6114378208058602
367,8022,0.558940399474342
368,5985,0.5682708483105261
369,6361,0.6053686162124958
370,10699,0.5011447916281878
371,2761,0.9516952285019401
372,4219,0.5372128951904545
373,9149,0.6838035562783824
374,6198,0.6695875931040831
375,10804,0.6664154708424862
376,10593,0.5003170014047558
377,3773,0.5896100980110996
378,8769,0.5736333734449651
379,846,0.9005555566322206
380,7622,0.5164778728844422
381,9102,0.5265203915090013
382,7791,0.5575962925060086
383,2836,0.9133552093884199
384,1748,0.9984329231599439
385,2664,0.9861265987978683
386,10670,0.522557866645603
387,6152,0.5077615086742826
388,10864,0.6309684966552809
389,9067,0.5075076883837142
390,4328,0.6208161328438215
391,6855,0.5635426088100645
392,5568,0.5963550742923096
393,4917,0.5678559859096105
394,10783,0.7367629521866599
395,2162,0.9984722695166258
396,3065,0.6049754300658888
397,6362,0.5219206973321506
398,1460,0.9964146113116039
399,2167,0.9912445549485615
400,9426,0.7053022025807266
401,10682,0.6395668833420307
402,287,0.9955672850134973
403,1527,0.9288534669821578
404,3621,0.6490530394724274
405,1253,0.998305437180782
406,736,0.981328279073721
407,3984,0.7136766177550615
408,1016,0.9985585174949437
409,4108,0.609527446120898
410,8998,0.6106648341109753
411,7630,0.5745519369392312
412,10883,0.6489412240279635
413,9538,0.5087843967155472
414,636,0.9980859539969582
415,5161,0.5367662239391413
416,9105,0.6743469300108677
417,1920,0.93369445752557
418,107,0.831336106531527
419,8819,0.5427377342363042
420,1150,0.9955340977118329
421,1391,0.806762382729607
422,1099,0.9389134195301579
423,747,0.9931166355318926
424,10268,0.5916955653280292
425,104,0.9801690255598338
426,1905,0.9680579365206378
427,7572,0.6641615548691815
428,2027,0.9798377756890431
429,3640,0.6961560396554201
430,3896,0.5182415363045729
431,6031,0.561311701605909
432,7069,0.5290673634363872
433,6261,0.5277928999288055
434,9669,0.592479098560067
435,3692,0.6580463778938656
436,4010,0.5235709871843647
437,3293,0.5379766647188853
438,7790,0.5738370239854299
439,3722,0.6339459055743513
440,6978,0.533974930369592
441,6921,0.6520181544304383
442,5053,0.6727428980921213
443,10741,0.5635890510896785
444,6035,0.5275711600448061
445,9349,0.6545176062823322
446,9617,0.7323781275594348
447,4595,0.6933683586994952
448,7031,0.7130569451246802
449,8175,0.5237087503210149
450,10996,0.6507209329794615
451,2140,0.9755136996221421
452,2095,0.9980439220878007
453,6836,0.5602366793682025
454,6677,0.6150181472272742
455,10881,0.606435644197947
456,2123,0.9897440116907736
457,355,0.9982008272251536
458,9930,0.5375815134438409
459,6223,0.6008012225228335
460,6307,0.5113302731531204
461,2658,0.9892247722565215
462,4615,0.5534685784130376
463,8942,0.5931841355871055
464,5451,0.5181226300263317
465,2690,0.9966411378294241
466,2065,0.7027393287210048
467,6099,0.5255198936014045
468,10182,0.6523990966175863
469,4375,0.5861085221937457
470,4571,0.5666445622300829
471,8876,0.5726469120693722
472,7444,0.6247567784272647
473,8735,0.636213393090628
474,1884,0.9840642717515046
475,6514,0.6497147476958245
476,5381,0.602450858049953
477,3313,0.5945576007948481
478,615,0.8996472762563085
479,2661,0.727459708342204
480,3405,0.6879672789041382
481,9119,0.6224467492424324
482,3411,0.5111230158836401
483,8638,0.522146457195731
484,10224,0.5836085940566428
485,6128,0.5643422696442986
486,5571,0.7414190902898842
487,3323,0.6471832273941758
488,7245,0.7130901255286313
489,9246,0.6032266927150753
490,8734,0.568092997819316
491,10961,0.5997931602061249
492,8922,0.6128570373278341
493,9240,0.5020703503705375
494,5784,0.5654908332879443
495,8213,0.5403951967296412
496,9380,0.6233473309716377
497,7152,0.5262005881965237
498,5187,0.6621556543397635
499,10709,0.6440627695622012
500,8721,0.5162708740499636
501,3870,0.6728839745737877
502,1127,0.8823682245179396
503,1823,0.6036909984996263
504,9500,0.7198026597361882
505,8788,0.5702045077786946
506,3142,0.6808454804913051
507,2494,0.9785733128559502
508,1230,0.973828331169554
509,5955,0.5121217570944384
510,9827,0.5041674039298716
511,3108,0.9818323397509418
512,9248,0.63796774209008
513,3290,0.5680897455137575
514,56,0.9927677966010316
515,3589,0.5982329832352005
516,3887,0.7016427034338377
517,5930,0.5574910097018096
518,3798,0.5055813340211668
519,8525,0.6521851252295796
520,7621,0.6315923796988834
521,9774,0.5531159713084358
522,7716,0.565159313355978
523,3212,0.5433541266475002
524,9842,0.5340839931242681
525,7007,0.5288161910989161
526,4971,0.5552862687085763
527,1814,0.9962180749421452
528,2052,0.9846979100037321
529,6801,0.6375257659100916
530,5866,0.6280457365433201
531,5082,0.7045455290516354
532,9843,0.6626014031293843
533,5595,0.5579137096350371
534,6477,0.6352621721642753
535,9374,0.5784109262557297
536,5887,0.6776136416009917
537,447,0.9959227986531923
538,4514,0.5189542190095102
539,6244,0.6998083852302057
540,1915,0.9925258503745316
541,4823,0.6219530990875178
542,8393,0.5751312221873892
543,5633,0.7046018875446081
544,7267,0.5786245468573536
545,5616,0.5488310763554475
546,1612,0.9931431880990418
547,10472,0.5628277082108801
548,4187,0.5671016729708387
549,4203,0.5811999167501186
550,9931,0.6790861507660891
551,10812,0.661075805585591
552,4770,0.5000572864431507
553,6043,0.5228789541260652
554,10078,0.5292758427865181
555,6524,0.6088807520834835
556,488,0.9977248704768249
557,5247,0.5683692646854355
558,2818,0.511504863307189
559,10809,0.7612816232098821
560,9676,0.6086853976211661
561,4107,0.5413256765077583
562,7605,0.5391521512814601
563,2259,0.8387403626985682
564,7102,0.592366960749154
565,530,0.8733009327251896
566,3338,0.6859613833540474
567,9885,0.5198022949042667
568,6662,0.5650789153254632
569,871,0.9935078529197326
570,2835,0.9860943823934484
571,9413,0.6294365339132623
572,7810,0.506813003979907
573,7462,0.5571293971830438
574,5439,0.5008011951910326
575,1080,0.9599530305769781
576,669,0.9985772194749816
577,10126,0.5642243459602386
578,3126,0.9825533085662036
579,3033,0.7321432361672563
580,2902,0.552712438513162
581,5932,0.5718183371976557
582,3663,0.591860695889926
583,7726,0.6433504895708387
584,7058,0.6852723600392256
585,2126,0.9406803501579563
586,6308,0.6871600783652378
587,10760,0.624612729431282
588,8658,0.5194735339778611
589,619,0.9990437521644979
590,10725,0.5280487709323789
591,5607,0.6308136306248298
592,479,0.9389004341412276
593,8344,0.5566793685737453
594,7674,0.50239594584416
595,836,0.99809521779885
596,421,0.9979695952465132
597,1578,0.9978572795491922
598,1481,0.9434824320921407
599,3261,0.7075208524795256
600,6012,0.5781238582268825
601,3522,0.5850040911475909
602,24,0.7333104196654462
603,4225,0.6625512611720463
604,5258,0.539763398159398
605,4201,0.6420441423278505
606,6345,0.6053595109015812
607,5205,0.671084146288927
608,9353,0.5360953264855625
609,5148,0.5572524578399507
610,7604,0.5332373187666415
611,7596,0.5655891683088679
612,8572,0.5869015032996032
613,10025,0.5471482100309395
614,1944,0.9703545582732669
615,6258,0.5672391518542694
616,3930,0.6397946297263386
617,10611,0.5267350921142301
618,8518,0.5066156217544396
619,711,0.9344050949675228
620,7687,0.6819619117983471
621,6818,0.5052483539424162
622,10089,0.6339443102525028
623,10747,0.5233535245846588
624,6646,0.7019447595416406
625,10968,0.5527526622392173
626,8712,0.5153105015500477
627,8574,0.5095822625540689
628,9701,0.5152010883598741
629,1540,0.7051887835511085
630,4189,0.5363254336546309
631,3419,0.6947712230335397
632,3784,0.6659568212731631
633,10943,0.5075096469469331
634,3186,0.6857860282356995
635,3467,0.6153107082915306
636,5751,0.6256675414927517
637,1837,0.9966264459484272
638,10118,0.6397254137227877
639,7310,0.5167835359377145
640,6894,0.6275412483626744
641,2544,0.9962621569319039
642,6562,0.6945684309809101
643,3200,0.5775345884416888
644,69,0.569246688807466
645,7499,0.5556271265343009
646,2964,0.9923632923262002
647,3426,0.6088664195809046
648,9745,0.6668712952194953
649,3415,0.5644604630442589
650,2929,0.9984071244886616
651,1475,0.840424686601286
652,3629,0.6338522790385281
653,1290,0.7579251303894918
654,4749,0.7469618142154579
655,4415,0.5615389973544803
656,6958,0.6382095311709571
657,10422,0.6185550803158506
658,7817,0.5596608282615763
659,3075,0.805697137634027
660,8094,0.6410428711934248
661,5380,0.5188573006543583
662,4511,0.5214704420310285
663,3660,0.7238351263685768
664,2187,0.9319393582822757
665,228,0.9948752186379825
666,10899,0.594079058535652
667,9028,0.5206715054463845
668,2448,0.9213307535823968
669,4567,0.648607509430643
670,8526,0.5458023844776371
671,3328,0.6851954981843043
672,8263,0.5067068472532725
673,4738,0.5812917808373801
674,8886,0.5373965711865956
675,6769,0.56594789296519
676,9452,0.7308599796569774
677,5527,0.6402732639184644
678,2332,0.9889522928252237
679,2897,0.9802292951012608
680,8134,0.5416084544563837
681,9471,0.5534253146162406
682,8897,0.540938677033541
683,323,0.994870649988407
684,8113,0.5774118770506185
685,9489,0.6108614178862521
686,1412,0.9280662336305071
687,2522,0.9804770992593155
688,1876,0.9973050855675215
689,540,0.9598890448120776
690,9880,0.5241449581683599
691,8322,0.6744253928635285
692,6854,0.5721080521493573
693,4165,0.5228344773898589
694,3698,0.7483259274815712
695,10102,0.5162284840124434
696,1561,0.9967265368964784
697,10368,0.6495218201288617
698,6111,0.5248821526880711
699,10933,0.6770327251069355
700,10171,0.6023726290180995
701,10195,0.6006026957544592
702,5749,0.523133624965203
703,375,0.8171162260807646
704,5764,0.576033033756512
705,5761,0.5474454858348594
706,6943,0.5662961211803657
707,3547,0.5761938621211918
708,10652,0.5765559855028246
709,3159,0.6160936710040978
710,6042,0.5929853002856589
711,431,0.9902164836033814
712,6513,0.6141292005108654
713,9431,0.5932752817489841
714,2697,0.9991399562585187
715,4739,0.6196691779910499
716,5140,0.6130875736492165
717,9488,0.6507751533302144
718,75,0.695571954018795
719,7903,0.5300843602869445
720,6096,0.6250543276998328
721,6292,0.6355939613749371
722,10160,0.6995799623507808
723,1696,0.9987857135416556
724,6059,0.5296953167120018
725,5173,0.5509154680681858
726,7943,0.5394403052038433
727,3363,0.5462942431102369
728,6770,0.6771896847207548
729,10308,0.6408641666257568
730,9172,0.6056699321403807
731,7248,0.5116301648963328
732,1910,0.9311367658075118
733,9189,0.6202714042385858
734,651,0.8273756317581424
735,611,0.992730896028425
736,4202,0.7112229859292103
737,3421,0.5032438350366738
738,5462,0.5594085938156805
739,1821,0.8076082150079329
740,9279,0.5573178186795775
741,6256,0.5055384555848609
742,3472,0.5674659443567276
743,2253,0.9970277788777465
744,10376,0.663234543490743
745,9576,0.5222569516657122
746,5721,0.5292110668227707
747,6298,0.6146731698309875
748,5501,0.5862264611433339
749,528,0.8968614809383015
750,8090,0.5151625532556009
751,8720,0.5582518301260031
752,2736,0.9207018482230584
753,2872,0.8954574526207316
754,5899,0.5235370743046143
755,2733,0.7766793882522127
756,3204,0.5358901550213626
757,6619,0.5734352419940677
758,9256,0.5431299508971392
759,3085,0.9973061824857861
760,10512,0.5677509850070153
761,5003,0.6188335506788534
762,6005,0.5535413162018432
763,6684,0.5728291032868926
764,4764,0.6324461228656733
765,5072,0.598628536791366
766,3903,0.6837193163861202
767,3148,0.5509990631416001
768,5837,0.6003775733105894
769,7346,0.519635363627978
770,6590,0.618506331687253
771,2850,0.9850424434494333
772,4060,0.6703072973627597
773,1130,0.9904147564642981
774,9806,0.5012466725782289
775,10388,0.533968268504385
776,4358,0.6390734416822661
777,351,0.7587834738904545
778,3406,0.5156239333485766
779,4000,0.565179682674624
780,987,0.9962361095528635
781,9992,0.601485276220123
782,5437,0.5555562479199012
783,8168,0.6668427114195865
784,10435,0.5945095226666155
785,6038,0.5188280017744527
786,6960,0.6927537309933266
787,8698,0.6480037420515063
788,4123,0.5067754372697116
789,650,0.9968242476920889
790,7291,0.5538609478330601
791,7371,0.5016621556684415
792,2119,0.9980204474962672
793,10972,0.660717337920471
794,5559,0.6269810712555555
795,7437,0.6054794439182213
796,6946,0.6050946994859386
797,5128,0.6821424280329439
798,5287,0.5937356590463535
799,8163,0.5775818509308799
800,8447,0.6234974258393737
801,4647,0.6388727156619604
802,9611,0.6166575083220109
803,9820,0.5073571533479718
804,7004,0.6440115724270448
805,1466,0.6928002014179351
806,9392,0.639920465829814
807,6564,0.5458149040779189
808,3225,0.5596059130040476
809,1744,0.8294882346319538
810,8082,0.5269629684590544
811,3832,0.728218183766124
812,2110,0.9983201735662822
813,2281,0.8916802096528245
814,9064,0.6450597273398737
815,41,0.7098958215431332
816,158,0.9776162894570039
817,5348,0.6267831326022988
818,1596,0.9520152895534659
819,1311,0.9967520136347998
820,8718,0.6823355827675794
821,9354,0.5960442481652276
822,1066,0.998982618673966
823,8285,0.6838402742368224
824,6979,0.6309011848860218
825,1665,0.9913255896057734
826,9904,0.5907553017623955
827,5797,0.5748991505029742
828,317,0.8399230941573409
829,3661,0.6520866865568831
830,6100,0.5630966357458221
831,9590,0.6661957748681316
832,7116,0.5408047529136645
833,7015,0.524802621096854
834,7941,0.6092567928423758
835,5569,0.5424228544568139
836,4499,0.5955545423847193
837,5347,0.5859529554080166
838,8482,0.5745108128938569
839,2711,0.9484495011133475
840,5152,0.5663231270272654
841,4864,0.5076519822600084
842,443,0.9927207307083148
843,1723,0.6260155294702902
844,2224,0.8847290698588789
845,8290,0.5416991394739847
846,5537,0.5980094494505304
847,4024,0.5258566839391825
848,1058,0.997742594237358
849,2246,0.9971584748711658
850,9241,0.50807216774545
851,3991,0.5059306916760136
852,7868,0.5800931180075284
853,9988,0.6314211498706304
854,344,0.9986553506296806
855,5525,0.60288477776859
856,3409,0.5907270446275724
857,10325,0.5601059757628198
858,969,0.9017729376659931
859,6792,0.5494777236464996
860,5126,0.5200182922208124
861,3007,0.7511518287309068
862,3320,0.552480420815163
863,8392,0.6907535356829162
864,10897,0.5655821721859551
865,4351,0.6676410029014928
866,7520,0.5907302934305748
867,588,0.5040971516589134
868,883,0.8792718884972914
869,3473,0.6060870298947172
870,2476,0.9470657317870654
871,10007,0.610442537263613
872,9831,0.5371024694400095
873,657,0.9988721089689465
874,5413,0.625506767411875
875,4518,0.5046271697335865
876,6218,0.5529493229116709
877,686,0.770503896780334
878,7301,0.5151899459290792
879,7745,0.6812782723775413
880,2287,0.9983876137984841
881,3683,0.5491628594519348
882,10802,0.6169357569473519
883,6281,0.5935849098128338
884,8702,0.6752039964289589
885,8723,0.6457893123491399
886,2579,0.9991711977464334
887,1903,0.9963758945463896
888,9285,0.642335702881133
889,506,0.9822999720811451
890,7916,0.5146080351217267
891,1664,0.9916478948270075
892,4355,0.6978344908440917
893,628,0.9847421867337033
894,1587,0.9980645488063309
895,6108,0.5085221888468159
896,10424,0.6259955048493547
897,1002,0.8876699494577552
898,9171,0.6211279225463929
899,4100,0.6760345599042871
900,10090,0.5526715133166689
901,2278,0.982042951577438
902,9699,0.5199109721086392
903,2156,0.9403803765716199
904,7519,0.6820101750873783
905,7911,0.5807565384416316
906,3374,0.5151766597188705
907,9336,0.5097112783959806
908,8907,0.5114963195546542
909,6935,0.5894751944283769
910,8861,0.5341815220768831
911,5061,0.6301847000229532
912,5822,0.6257866000427827
913,1585,0.7668964094038716
914,4092,0.6703166284430826
915,4688,0.6041646569568364
916,992,0.9710078763128036
917,218,0.9992944735325655
918,4252,0.569443097240254
919,7379,0.5491740031370833
920,6579,0.7321287506034746
921,4720,0.6064959261207478
922,6875,0.643621326072768
923,3097,0.9578994861713048
924,7517,0.5606272973232761
925,3460,0.6198149830749811
926,1366,0.5787470317961888
927,10717,0.5159421145258115
928,10764,0.5939181181754937
929,362,0.6152984311019436
930,3567,0.6143448308381384
931,8330,0.5278632991560951
932,8503,0.5524461268777362
933,5813,0.5113528949724657
934,5705,0.5397638300958717
935,9770,0.507108503777266
936,7095,0.6141498115462136
937,7009,0.619890215917072
938,9767,0.5020393137159815
939,4120,0.6292941298550578
940,8933,0.6162035953581481
941,688,0.9987768028381518
942,53,0.9921901622909076
943,8940,0.5051158616121266
944,732,0.9821552617982405
945,5871,0.5220416842891531
946,5940,0.5464763521945124
947,2583,0.9893344993204827
948,5192,0.5113417996962484
949,2049,0.9948899754254775
950,9262,0.6711722850196424
951,1982,0.7668126084308585
952,5582,0.6196977390369058
953,5524,0.6329731613911274
954,3025,0.8742994947289928
955,2696,0.7236461975111822
956,2714,0.9970605473718037
957,3227,0.6180228311755416
958,274,0.9962566096058301
959,5252,0.6483937725056108
960,9916,0.5291962578757461
961,2717,0.9900661867857845
962,1193,0.7067711774763582
963,8529,0.5605390229752685
964,207,0.5782107487190995
965,165,0.996934913206839
966,5364,0.5807100402198168
967,9316,0.6809079543653598
968,4403,0.7214662797939841
969,7299,0.6445101939144294
970,6829,0.6730619355652806
971,10834,0.7475574008265204
972,9294,0.5630780022987228
973,7872,0.7023366525154303
974,6944,0.5220465257294039
975,8504,0.6184394258574765
976,3931,0.6266618476925314
977,6649,0.661896098801764
978,10434,0.5820810977688469
979,8479,0.6208015335557386
980,823,0.954237346698126
981,7289,0.5164172878456966
982,7625,0.639231702810807
983,4715,0.5060722944851859
984,7857,0.6881536482026153
985,1840,0.5237465223718358
986,7159,0.5071754002837041
987,4175,0.6083770906691908
988,5615,0.516392805456541
989,3301,0.5002398964802507
990,6104,0.5771968479605033
991,1478,0.9962485393432006
992,4456,0.6334818805622835
993,146,0.990614516661007
994,9320,0.5261852087240897
995,5358,0.6258010006434176
996,3496,0.5406665825250571
997,6166,0.5056748307056044
998,6041,0.5552002515277158
999,6114,0.5547036938101596
1000,1332,0.9441830703152141
1001,2077,0.9450481693517514
1002,10247,0.5892917340957241
1003,1477,0.80012178120358
1004,1804,0.8831522697457409
1005,1940,0.9908581842010208
1006,1211,0.9774463239210143
1007,5551,0.5717718812717254
1008,3137,0.6279257702844043
1009,5556,0.5597495407210957
1010,379,0.9923313789246375
1011,3935,0.5784584050536679
1012,9031,0.7391702763880923
1013,5897,0.6518299713171796
1014,5238,0.5525703430526683
1015,3145,0.5727658082555874
1016,5540,0.5901197164329794
1017,6803,0.5568032735224557
1018,7498,0.553019176040328
1019,7032,0.5550154437769443
1020,6462,0.6203883985517404
1021,2974,0.9479030977536731
1022,9496,0.5181113905352385
1023,8306,0.5155548686307574
1024,713,0.98314084649345
1025,7231,0.5516686510685843
1026,5138,0.6968527322770184
1027,10200,0.6303030767615011
1028,10516,0.6426775930371231
1029,4792,0.68640644556204
1030,9237,0.5020467797090145
1031,7262,0.5886586783912597
1032,10532,0.5639110864389987
1033,10328,0.5907560978847866
1034,8250,0.5404338689875514
1035,1599,0.9980362069439059
1036,3956,0.5703612036162022
1037,806,0.9981978951959326
1038,9394,0.5650034815084536
1039,8912,0.5473809972329929
1040,2602,0.9428835515839455
1041,10386,0.6718739587171219
1042,2216,0.868093777290095
1043,1279,0.9931868004116369
1044,4255,0.5914005120714273
1045,10122,0.5121140441494587
1046,3625,0.5870792411286017
1047,788,0.9010120957826963
1048,900,0.8716794640509614
1049,2794,0.8687117818118781
1050,7100,0.5082025338740213
1051,8686,0.5331890128057422
1052,7656,0.5774329626404086
1053,2932,0.9640455258740012
1054,8483,0.5175986406501076
1055,8608,0.5526140084648612
1056,9325,0.5590926268237459
1057,7224,0.5484738323729479
1058,5204,0.5201422720843245
1059,5337,0.5014290239236625
1060,9939,0.5932656011658323
1061,9249,0.5041628048146548
1062,2882,0.5931516328621474
1063,9532,0.6432614193851228
1064,583,0.9990493949252712
1065,3635,0.5417601428745417
1066,5549,0.5984487206646333
1067,4378,0.5379309238037622
1068,7342,0.625013116849547
1069,9919,0.5510390277692131
1070,2070,0.9689309431198492
1071,10819,0.602985130451129
1072,7651,0.5739311350669729
1073,6541,0.6142014603090409
1074,5469,0.5447281155765267
1075,310,0.9946059301357338
1076,5825,0.5805718166585738
1077,8506,0.6658154000763639
1078,4080,0.6370313505514342
1079,7084,0.6302265974857288
1080,3536,0.6167929907510038
1081,4732,0.6874599881596355
1082,8510,0.7066713597364912
1083,3121,0.9681712568099586
1084,8728,0.5724244858280696
1085,324,0.966744547754833
1086,2461,0.5047667133156135
1087,6870,0.5722226313241835
1088,4081,0.5307741761232684
1089,5163,0.5531072056462623
1090,9987,0.6878870265222493
1091,9127,0.5608996140116935
1092,629,0.9130296990698584
1093,5986,0.5684176814007257
1094,3958,0.5282195368024302
1095,1896,0.9985403063639566
1096,6963,0.5233511092493511
1097,4733,0.5174610940492028
1098,6581,0.6559682072663009
1099,8602,0.6225036802328067
1100,791,0.998661329259573
1101,10453,0.6535581738462827
1102,3727,0.645042766893173
1103,2100,0.9586953522681756
1104,3944,0.6386507144415219
1105,8802,0.5334504329004467
1106,6575,0.554321704961357
1107,931,0.5306341611950225
1108,1641,0.8918808321171608
1109,10257,0.5518328649545989
1110,2538,0.9588920195588659
1111,4076,0.5719083675775564
1112,4237,0.6469905299730216
1113,9866,0.5913395034712278
1114,6832,0.6005243576973416
1115,7354,0.52377938552184
1116,8756,0.578325953871297
1117,10808,0.6918734066109572
1118,8130,0.5199623561595309
1119,2059,0.9864071665593649
1120,8032,0.7188199840512786
1121,8807,0.5447785715858009
1122,8188,0.5406400877503025
1123,1494,0.7611518906351035
1124,191,0.8912966953066298
1125,1589,0.9404706889673841
1126,9476,0.5503558167078579
1127,4037,0.5737564503813202
1128,6089,0.6287324005045435
1129,8867,0.5112271765846417
1130,10849,0.550574671176826
1131,8407,0.5338101033900219
1132,8258,0.5317765973691246
1133,6381,0.5433532732650618
1134,3279,0.5777904708754045
1135,643,0.7624954907413998
1136,551,0.9939773064571075
1137,7328,0.5004498316659298
1138,9445,0.5035846845982955
1139,2785,0.8904666471364211
1140,3965,0.5039977840822109
1141,10470,0.5509796036886552
1142,4902,0.6574480516572474
1143,7416,0.5729343588733757
1144,9219,0.6194210334559794
1145,10339,0.5629639646182846
1146,1102,0.9068093498191773
1147,7897,0.5388775590572406
1148,4084,0.6749012104112758
1149,4221,0.6309101686117629
1150,2859,0.9819437606392127
1151,3050,0.8019555873957825
1152,6635,0.5939714264965784
1153,9199,0.537064268046897
1154,4684,0.5785558081098139
1155,3251,0.6674783325543103
1156,1835,0.9871483909492396
1157,6592,0.5998556983375785
1158,4563,0.5689743707423801
1159,7967,0.5210208879313944
1160,5041,0.5060388395654954
1161,1575,0.6315962001352436
1162,10482,0.5760287667774439
1163,36,0.9902390737400614
1164,6461,0.7444684311327342
1165,7887,0.5303572799384595
1166,150,0.9875720311351882
1167,994,0.5898900896198953
1168,2663,0.9978029785847919
1169,6398,0.5560895931003322
1170,5933,0.6219439350924338
1171,7172,0.5202459558078538
1172,3184,0.5655310056582838
1173,383,0.9863364928681579
1174,8406,0.5598935951981299
1175,3462,0.5573293261415677
1176,7509,0.5426891985695464
1177,10985,0.5262306065969429
1178,9923,0.5141255920170874
1179,4012,0.5916400002933258
1180,5735,0.5045001323053642
1181,6934,0.5284066936184366
1182,4217,0.6774075153816554
1183,8858,0.5279132034757132
1184,3712,0.581711044807294
1185,9730,0.6737098030007496
1186,8546,0.6390324694424364
1187,10486,0.6974362654144595
1188,9215,0.682531744927766
1189,5526,0.6244270424442799
1190,4874,0.5540380926277099
1191,7640,0.5245208500241396
1192,5760,0.5401032663565802
1193,6868,0.5281523617093958
1194,1019,0.6005047447262782
1195,8696,0.5278832956062202
1196,1593,0.5663030027940599
1197,6712,0.5589232053987299
1198,3766,0.6017856422962745
1199,7535,0.5422378452295202
1200,533,0.9856879441051757
1201,9959,0.5318391050839957
1202,1913,0.5043156095561994
1203,3786,0.605455729808362
1204,6731,0.593666900560469
1205,1673,0.9952651411108193
1206,4344,0.5546555546663516
1207,5517,0.5421138484141443
1208,4602,0.5168200069468192
1209,10574,0.6013637862459967
1210,7953,0.6451553753230127
1211,6224,0.5744631683948507
1212,7518,0.6009386895957907
1213,5345,0.6638043848390116
1214,3563,0.5538036094050454
1215,6548,0.5387077808153041
1216,5220,0.5389540020988725
1217,9659,0.5477955680974889
1218,6718,0.6424884085312327
1219,9723,0.6382109356574178
1220,2208,0.9723842894753916
1221,601,0.9643024915702912
1222,6625,0.6439353146033087
1223,10158,0.6243479042588466
1224,6593,0.5670144864102709
1225,8932,0.5683846249349926
1226,7339,0.689177782817582
1227,2594,0.9914719625203331
1228,1372,0.5642370696615795
1229,414,0.9557374122159686
1230,1439,0.9981144591438537
1231,10181,0.5183775691239877
1232,3442,0.5036371167136879
1233,7542,0.5181102841714333
1234,10301,0.5661389062343025
1235,4291,0.5074581977245466
1236,2999,0.5309067497612463
1237,9224,0.52865804242161
1238,9937,0.525263978446766
1239,8713,0.5566748651312533
1240,5944,0.5180877085730429
1241,6865,0.5022759927964542
1242,9206,0.5152406649613446
1243,7436,0.6855509140058607
1244,6004,0.5726715484468828
1245,7107,0.591170550011735
1246,10194,0.5228047036146348
1247,8633,0.5437954402779187
1248,8420,0.5355291403076632
1249,1275,0.99809747603768
1250,3879,0.6101203605360763
1251,3476,0.5838332607220007
1252,5646,0.5785151039516647
1253,2758,0.9878031967140986
1254,6859,0.6410996688037234
1255,4121,0.7181448696202843
1256,9933,0.5479633963502837
1257,5553,0.5386398037031387
1258,5716,0.5932504598749749
1259,2197,0.9923153234275691
1260,2243,0.9983382418252075
1261,6542,0.6535816944224782
1262,9420,0.5025475734408875
1263,4265,0.5248488286584948
1264,7335,0.5176927247605811
1265,709,0.9433154794987045
1266,3281,0.5297074512133598
1267,9543,0.5679623520954591
1268,2675,0.9511864043628855
1269,2643,0.8685116574234377
1270,7027,0.5656641504487854
1271,10389,0.5274999466283385
1272,7201,0.6697724680904272
1273,2317,0.9936567339214993
1274,9004,0.6387592414226739
1275,2825,0.9473866937904852
1276,3885,0.5833720737621308
1277,4408,0.5617639666923899
1278,3990,0.5201445121158143
1279,5674,0.5378809703912862
1280,3219,0.6574874412469671
1281,6751,0.5365355319562403
1282,463,0.5522948979880854
1283,9781,0.677092193109869
1284,419,0.9940804102041203
1285,3438,0.6387147657859324
1286,499,0.8905060160361192
1287,2526,0.9860731409924638
1288,4722,0.5162547652382733
1289,2606,0.8620458532592431
1290,9537,0.5356292135292532
1291,7992,0.6645486270409411
1292,425,0.9592006936582924
1293,6439,0.6628708943124273
1294,6407,0.6578557441809803
1295,4579,0.5668377038934713
1296,5912,0.6116528577514141
1297,4561,0.5227413921873036
1298,8863,0.6296701256369583
1299,6447,0.5751786758119178
1300,7082,0.6301322174738271
1301,10895,0.5044140818267432
1302,6259,0.5146379660712251
1303,3154,0.5339658335992199
1304,9512,0.5804951143836067
1305,1720,0.9468400709578144
1306,5321,0.6167260140871533
1307,6029,0.689326085633779
1308,109,0.9971076653703841
1309,7249,0.5110400459975833
1310,8442,0.5622914718802614
1311,2985,0.6243321963643277
1312,3848,0.6598984421795896
1313,1200,0.9972783859735885
1314,8999,0.6014481689009195
1315,2206,0.7196456269894784
1316,9427,0.5275972259885019
1317,7885,0.6822405722873861
1318,1168,0.9985279084341124
1319,4314,0.5174149362492063
1320,5694,0.5680942786548686
1321,9762,0.5794189087979253
1322,6251,0.5194497872175269
1323,8916,0.513243835211042
1324,6819,0.6217043892888225
1325,7802,0.5116404979663703
1326,1445,0.9820674834919361
1327,9620,0.6113965042953888
1328,4660,0.5759002371366873
1329,1359,0.9976415069876685
1330,6063,0.5539331836907593
1331,5291,0.6444382515360366
1332,4422,0.5877897380082828
1333,4624,0.6261664896476868
1334,3181,0.5177042391039479
1335,7744,0.6127283610712011
1336,7357,0.5230214915434817
1337,3534,0.5633295259541027
1338,5575,0.5021318187105076
1339,2056,0.9713789924348923
1340,6511,0.6086300838000435
1341,4812,0.6263172756159522
1342,2977,0.9768036358531527
1343,3767,0.5093363487689985
1344,1042,0.9372874378552332
1345,183,0.967643215594976
1346,5326,0.6819063778471861
1347,2883,0.9986483320162777
1348,696,0.9990383388819012
1349,8653,0.6955951166065051
1350,10579,0.6590646166813083
1351,7175,0.6383427900122701
1352,7575,0.5709443445122955
1353,1571,0.6484581955454644
1354,6845,0.5571062511518642
1355,1889,0.6154226691936844
1356,3945,0.5551320052278725
1357,2097,0.9974702788548659
1358,1810,0.9990005719000017
1359,7048,0.5525913796377083
1360,3160,0.6762059874066939
1361,2442,0.5891365316709358
1362,6490,0.7320144883008217
1363,8695,0.5126668849573354
1364,8177,0.6618512889866623
1365,1319,0.9991796224663487
1366,7114,0.5183961727188175
1367,8309,0.5213750725622063
1368,9522,0.5433162605008559
1369,10272,0.6361371781134437
1370,2635,0.8843986546343872
1371,2700,0.975117159627144
1372,6648,0.6482986776570576
1373,10977,0.7052196031699622
1374,10510,0.6306500080794704
1375,3788,0.5885319557412207
1376,4982,0.5553466976249237
1377,10672,0.7552970947780261
1378,5166,0.5254646087679001
1379,9323,0.5824278457510007
1380,2623,0.990818070022747
1381,1129,0.9799715108793982
1382,10905,0.576039774467586
1383,3866,0.6348208549751195
1384,6246,0.6716689375099372
1385,9074,0.5164896132371996
1386,3130,0.7929845719327917
1387,6647,0.5903541294949569
1388,7950,0.5578665944218858
1389,3248,0.5818362256251277
1390,1981,0.9661675435051885
1391,7411,0.5345718580384744
1392,7129,0.561505866380275
1393,3332,0.7053611473295215
1394,7654,0.6892995312818045
1395,5728,0.639820411207936
1396,4049,0.5395461291242665
1397,9725,0.6894773261351905
1398,403,0.9935652075464794
1399,1798,0.5803810396366855
1400,6850,0.5567537785037662
1401,3367,0.7400591229935172
1402,3707,0.5814114375287944
1403,10502,0.5520295460481031
1404,5954,0.6613270983551708
1405,1320,0.9895259748250453
1406,8935,0.5051573983071393
1407,10648,0.5513497463615004
1408,4414,0.5681873701109661
1409,4576,0.6791910677317112
1410,167,0.9832273793989678
1411,1986,0.9991341092161959
1412,4527,0.5504838615717712
1413,4306,0.6712410105607763
1414,10759,0.5629804039693812
1415,2085,0.9914461750505971
1416,801,0.9790399786125132
1417,1381,0.6009207779907157
1418,7732,0.6461247304663295
1419,1734,0.9648344626311263
1420,5734,0.5578315586600364
1421,9948,0.7078542081073433
1422,4369,0.5818238975210946
1423,3542,0.5370309353443317
1424,4136,0.6006902166762886
1425,2879,0.9988954270088177
1426,4798,0.6502573250033129
1427,10017,0.5686081115019447
1428,1655,0.9985643295026054
1429,2108,0.9935183424113779
1430,4621,0.6050015807557171
1431,7844,0.6372352384306137
1432,2997,0.99864903716775
1433,7820,0.5490715780071556
1434,5718,0.5748086701274888
1435,4070,0.5462750991526526
1436,895,0.9984867306093627
1437,10788,0.6498322113936938
1438,10707,0.5477025273092632
1439,1269,0.9978861820875702
1440,8985,0.5187624737079133
1441,10371,0.5013369037020381
1442,2456,0.9963282177599724
1443,4845,0.6550729546972718
1444,3376,0.665627236057371
1445,1547,0.7842360611843426
1446,10018,0.5021624774131872
1447,8507,0.5810191972732202
1448,3072,0.8696309403774644
1449,2627,0.9360009068314241
1450,8096,0.6314899048803189
1451,6767,0.506771724528693
1452,4481,0.5110307696165125
1453,3875,0.5622757369141429
1454,4746,0.5708789414504452
1455,1059,0.9763616596639084
1456,2182,0.9476339386368821
1457,10345,0.5523408301926447
1458,1430,0.6863089704855554
1459,4205,0.5057286758640592
1460,8965,0.5458165303716996
1461,2575,0.9983335812023578
1462,7017,0.6826646917942245
1463,114,0.9846750639658235
1464,522,0.9980259639022617
1465,5923,0.5935926817268551
1466,4162,0.5039484557516873
1467,320,0.9815877046642641
1468,142,0.9960170722067416
1469,8554,0.7099013047523053
1470,7417,0.5512644889818344
1471,2597,0.9986708726001957
1472,6899,0.6221104165892243
1473,6872,0.6966919389280541
1474,6519,0.5195060812387995
1475,4460,0.644071227938432
1476,4072,0.5385276018940576
1477,10507,0.6779796021857032
1478,3916,0.5456912652543277
1479,108,0.9505960237892362
1480,8784,0.5150178952560216
1481,5398,0.5729812568472592
1482,9432,0.6312959354359224
1483,4773,0.5388080613191333
1484,8805,0.6524487593745835
1485,7061,0.5625813186610622
1486,2796,0.9984812493089749
1487,3893,0.5675905942916009
1488,8582,0.5730854598681442
1489,4658,0.5737943420853278
1490,3666,0.5671081384062144
1491,6148,0.6037124983246678
1492,8797,0.5684316068541422
1493,1286,0.9783407442111522
1494,3237,0.6336633705541305
1495,5436,0.6785927529533158
1496,7445,0.5596785931735736
1497,5776,0.6909642784646322
1498,4354,0.5400114296471944
1499,7146,0.52355454464895
1500,9220,0.5107181453800113
1501,1645,0.988984640992535
1502,5214,0.5542557423736711
1503,9506,0.5416139845470744
1504,4011,0.5818186276041166
1505,4368,0.645534719608952
1506,2271,0.6169953563020589
1507,7137,0.5832970647583045
1508,10299,0.6649945752764779
1509,5371,0.6104749260831779
1510,7256,0.5760665054126592
1511,2631,0.9263220422455558
1512,2603,0.9613706144746307
1513,9541,0.5399463836552514
1514,7149,0.5898784519846877
1515,7174,0.6608759591587969
1516,7592,0.6853578039194976
1517,2338,0.8821541288296064
1518,2633,0.9910172648677433
1519,4956,0.5211332773460876
1520,38,0.8101324132856347
1521,10303,0.5769095573060629
1522,981,0.9900395770560467
1523,5566,0.5313756921583748
1524,1176,0.8994119632739206
1525,10406,0.6747622236340751
1526,7160,0.6107133884810027
1527,3783,0.6016917770625911
1528,2996,0.9981364349284652
1529,1482,0.9956266832699113
1530,1603,0.9982746266174112
1531,6216,0.6581098531425612
1532,6384,0.7667790531033625
1533,4451,0.5447452322133586
1534,3941,0.5860365688513203
1535,467,0.5749265534024606
1536,8662,0.6146564048795697
1537,10230,0.6821912213561219
1538,7468,0.5543848978820886
1539,6987,0.6299255446361278
1540,5555,0.6259162323323135
1541,3129,0.9531908756457298
1542,2454,0.9984585425634723
1543,984,0.725167991963429
1544,7590,0.5086769628854584
1545,10846,0.5140235283955508
1546,3780,0.5590530506559829
1547,5159,0.5631185535164475
1548,3484,0.6081358644476085
1549,2808,0.926236112018754
1550,6481,0.533254102374694
1551,1813,0.5469768192463982
1552,113,0.933927077299667
1553,7320,0.5186469477854629
1554,4840,0.6201088587766308
1555,9084,0.5735144076104597
1556,7971,0.534992348245815
1557,7253,0.6689298589648764
1558,2429,0.9801676230826497
1559,7474,0.5471241486808198
1560,4695,0.6266790466046241
1561,570,0.8096813064622519
1562,3978,0.7040469472570146
1563,6235,0.529770203045953
1564,3253,0.5021209208534378
1565,5865,0.6060480249660875
1566,3244,0.522256863174726
1567,5863,0.5675769915501204
1568,9228,0.5814333883129301
1569,5693,0.5368772540976059
1570,8542,0.5801772856818073
1571,1220,0.9066693692841251
1572,1296,0.9115000712839642
1573,5783,0.5553473923562116
1574,5090,0.5579095320180121
1575,3960,0.6318840956158203
1576,8751,0.5327630380349524
1577,4993,0.6681265608037577
1578,325,0.8650835464017392
1579,8334,0.5231649753874159
1580,8949,0.5591361314876659
1581,10217,0.5283275773888767
1582,8474,0.6722550143011211
1583,641,0.5712203737596545
1584,8378,0.6411879092613603
1585,7586,0.530116199105827
1586,2860,0.9943667109541972
1587,10890,0.6112002186511826
1588,4374,0.5353999939591261
1589,3937,0.5406881252297784
1590,4590,0.5722241880995523
1591,6079,0.6191312288575328
1592,7978,0.6168294530098838
1593,8358,0.6099912814926635
1594,9459,0.5415029789504447
1595,1155,0.991578678058905
1596,1262,0.5597785563628563
1597,9414,0.5562792797961954
1598,10601,0.5771580301200363
1599,2050,0.9977416758714243
1600,6167,0.6090672549196283
1601,3688,0.6237995630338244
1602,3311,0.6818167317501482
1603,2933,0.7052128446808537
1604,4799,0.5830252140326191
1605,2426,0.9942881292774165
1606,10049,0.534211034936207
1607,2670,0.9976119894312462
1608,8496,0.5496706936145661
1609,1159,0.9965965934936547
1610,3598,0.5935797491969621
1611,8425,0.5066719551186786
1612,5929,0.6030014149119295
1613,7111,0.7015950972246522
1614,397,0.7010704876953922
1615,2425,0.7530687887051147
1616,8428,0.6245275070198409
1617,4699,0.6982093740807067
1618,4002,0.6373716478072041
1619,7854,0.709145119222706
1620,1338,0.6905405688941669
1621,5385,0.5899775162959979
1622,6474,0.5439371150427315
1623,3985,0.6760296427008317
1624,8522,0.5458943330651884
1625,399,0.9983102169227942
1626,10168,0.6278267508846525
1627,3059,0.887439248346595
1628,6693,0.5070681528662282
1629,8762,0.5229687924371668
1630,8777,0.5857776077298525
1631,4161,0.6318005926270325
1632,3354,0.6318548217698463
1633,4150,0.501073217041939
1634,4437,0.5965591634695977
1635,9136,0.605717937684199
1636,5563,0.6445281165843652
1637,7276,0.6099443498597564
1638,3904,0.5378844301381608
1639,9270,0.5249652881829188
1640,5965,0.5767283355595944
1641,9482,0.6480784586492208
1642,5858,0.6551074338599825
1643,5906,0.6989230079535107
1644,2048,0.9984037052422321
1645,1375,0.9823228029156191
1646,5471,0.54769503753279
1647,6880,0.5160239891366329
1648,7537,0.5186127819214459
1649,8440,0.6105008882310149
1650,2118,0.5993656840664013
1651,10162,0.551882814080749
1652,5206,0.6216549135864848
1653,9660,0.5516475391553337
1654,4938,0.6826468444829676
1655,6573,0.5699026475589852
1656,8923,0.5409004262518069
1657,4472,0.5207173472428104
1658,7965,0.636318040376564
1659,859,0.6176011020840376
1660,1050,0.998700266990603
1661,781,0.800856338325657
1662,1803,0.9362874834565682
1663,9191,0.5258726082200543
1664,4841,0.7129629628148786
1665,2723,0.9615979376187518
1666,6687,0.5278086864300764
1667,1092,0.9945158430913582
1668,2894,0.9845365520998657
1669,7143,0.7181615704324966
1670,7719,0.5918958250301783
1671,8099,0.6746855963499913
1672,660,0.8054783116096559
1673,787,0.8202122383301449
1674,10508,0.5434521278283473
1675,9750,0.529553088470559
1676,8951,0.5232238583247634
1677,7361,0.5896944289541167
1678,4345,0.5324629576358413
1679,1701,0.9983254814310132
1680,4270,0.6328188324461601
1681,863,0.9728719819028252
1682,8319,0.5861934712179906
1683,6363,0.5101087291428443
1684,7321,0.5348819630074427
1685,10591,0.5049041907902463
1686,2916,0.9972844132591572
1687,9179,0.6906788486923208
1688,10264,0.5539784372256341
1689,7677,0.6153173506831486
1690,9017,0.5834521986493724
1691,2209,0.9566329468353205
1692,6178,0.5513341134187345
1693,9914,0.5623365094921768
1694,2765,0.9933442787173822
1695,1407,0.6943966596179221
1696,7311,0.548917048337834
1697,10419,0.5522241319597361
1698,2500,0.5930953848840032
1699,1693,0.6057175918978706
1700,5604,0.6492134735598205
1701,2706,0.9982820039021728
1702,2335,0.9942593496462623
1703,10918,0.5644494240928839
1704,635,0.6919307349364403
1705,8026,0.5129547751650152
1706,8016,0.5854814312707375
1707,2022,0.9987726109932928
1708,7383,0.5978427720614647
1709,5329,0.5216930084822742
1710,2069,0.9795282967078341
1711,9021,0.5965220581464978
1712,4333,0.5781078120482628
1713,5443,0.5666355380606125
1714,8545,0.5169948857485935
1715,8104,0.6678722782281965
1716,2222,0.58301492923009
1717,4663,0.5219238497766584
1718,691,0.9986061871003702
1719,4399,0.5050952361460384
1720,3758,0.7243771509052145
1721,2565,0.9844842190611302
1722,3263,0.5306630034725204
1723,6006,0.5496006952540292
1724,8636,0.5003137419634256
1725,2199,0.9952416896856221
1726,1877,0.9936271822373004
1727,9785,0.509464754315031
1728,2144,0.9981350986076957
1729,2017,0.9757992116828529
1730,4504,0.5535298749259394
1731,1464,0.9695038143222613
1732,6665,0.5022605668093267
1733,10693,0.5695227424657936
1734,3923,0.6222300781591735
1735,9552,0.6796224081918446
1736,9649,0.512291936025708
1737,10066,0.5807666320272244
1738,2537,0.9976699182384249
1739,6199,0.5106688556185521
1740,7801,0.510270313321061
1741,2273,0.9946035613814261
1742,1759,0.9930626265160765
1743,5325,0.6366020967265491
1744,4109,0.504029556870791
1745,4494,0.5507521621014903
1746,6175,0.5059220457833263
1747,2574,0.9756696153983293
1748,2805,0.8007871472435104
1749,7557,0.6279268660734816
1750,884,0.5156140706439504
1751,10485,0.5736249764104275
1752,9268,0.5368641649504096
1753,5407,0.5906655396441067
1754,2444,0.6388203184249367
1755,9416,0.6014544566112126
1756,7492,0.5052036954729059
1757,8248,0.5119593765462891
1758,4118,0.5801042531153646
1759,9665,0.6938689623887366
1760,10896,0.6916907534612167
1761,9912,0.5442274065132175
1762,2636,0.9365420640011508
1763,1975,0.9965667591321931
1764,2459,0.9857799723631917
1765,3612,0.6335836242346564
1766,2102,0.9560798090931499
1767,5241,0.5249552844232566
1768,3135,0.7019099972577467
1769,9151,0.6162963491543826
1770,8341,0.526389413262558
1771,5195,0.5169233464303186
1772,2309,0.9500731536300253
1773,5013,0.5535795459739324
1774,10,0.9679354724600285
1775,1055,0.9981740728968659
1776,9025,0.6314939639626438
1777,3223,0.5911644008943524
1778,2954,0.9983231150632316
1779,10795,0.6241676103938324
1780,7242,0.5274902780109321
1781,3176,0.5611049676106317
1782,5656,0.6804185667556526
1783,1201,0.9440146745570909
1784,10958,0.5221394295062184
1785,9744,0.5123340058382065
1786,3718,0.6237351298814471
1787,7811,0.5799964329326945
1788,9355,0.5135410510717799
1789,1957,0.9174442145736683
1790,448,0.5656816941319969
1791,3804,0.5190802063091349
1792,1731,0.9421764130107096
1793,7995,0.6165143418863099
1794,4462,0.5211541061892604
1795,177,0.8733051806951616
1796,8772,0.5368156830294833
1797,10290,0.5036990511936834
1798,8655,0.5276754945281238
1799,9077,0.5537822763804862
1800,1574,0.9981308170920326
1801,8226,0.5291173408046831
1802,3071,0.8037171635765097
1803,9677,0.5188586990024087
1804,886,0.9528979273815473
1805,3195,0.5158416239693586
1806,4803,0.637047363548705
1807,7574,0.5090217500473764
1808,7786,0.5477018763257371
1809,3452,0.5241568362810614
1810,4532,0.5333885495862746
1811,9480,0.6272201414306313
1812,2834,0.9736506271376564
1813,6806,0.5612840582911832
1814,4018,0.5670251359466953
1815,8252,0.508804130980897
1816,4192,0.5915154560818514
1817,6115,0.5509330911170185
1818,2513,0.9873119627983626
1819,4713,0.5261214822607615
1820,10208,0.5426594072198231
1821,659,0.9311797852380919
1822,1062,0.9988047147728277
1823,1618,0.9938311926166791
1824,3662,0.6985837168957166
1825,10975,0.6803676246768835
1826,9198,0.7627299449009973
1827,3271,0.6265647450701011
1828,2334,0.9918751853128365
1829,1740,0.987854938689359
1830,7206,0.5672901408363801
1831,10596,0.663962758227792
1832,2912,0.8374771488390099
1833,9430,0.6917849286024228
1834,240,0.7852480861204326
1835,9877,0.6947007993665892
1836,7077,0.5017037241576128
1837,2543,0.7384860761185283
1838,3532,0.5935296207501481
1839,5452,0.5015564340510286
1840,8516,0.5459793612150637
1841,7545,0.5040667979279415
1842,5481,0.5447805743607596
1843,1436,0.5362139552403841
1844,606,0.9974194033499504
1845,6329,0.5075687513092215
1846,3179,0.5416098353684013
1847,7001,0.6841023440457585
1848,6155,0.5067351051772713
1849,8179,0.5905780359665855
1850,4147,0.6333331452981843
1851,3488,0.6087180596129154
1852,6328,0.528000877300418
1853,7936,0.6568370204875869
1854,2443,0.8781007987382795
1855,7073,0.521547537197596
1856,4853,0.5487874563863818
1857,1528,0.9968774612822267
1858,4987,0.6267412104971545
1859,8678,0.6783974051252915
1860,10150,0.6503508474478208
1861,6262,0.6901687199962403
1862,7368,0.6041603642927879
1863,1339,0.5635395509367822
1864,6690,0.5573814762350908
1865,3289,0.5290781347457705
1866,6827,0.5189971180825875
1867,2900,0.7851331882448404
1868,2408,0.9265647304412145
1869,7355,0.5051355631917837
1870,4366,0.6562915190042614
1871,9829,0.7021161313225134
1872,1266,0.9939226936428145
1873,8703,0.7122466540545568
1874,5806,0.602159880940036
1875,7005,0.5125302798480291
1876,8833,0.660688987502168
1877,6567,0.5058488034879173
1878,7838,0.6098133724246526
1879,2577,0.8380499613799166
1880,10566,0.5848485316702816
1881,7480,0.6536190838802192
1882,3736,0.5325339848647791
1883,10280,0.5350572709574372
1884,5793,0.5284398399482624
1885,3087,0.9985886231306945
1886,6703,0.5583856930064955
1887,7097,0.5113104832135951
1888,9925,0.6542079788267322
1889,8758,0.7154870559478529
1890,10908,0.5533887383494726
1891,6054,0.6294729147296135
1892,8123,0.679372105891072
1893,3816,0.6068666723865618
1894,948,0.6214791331041543
1895,6837,0.6270705237766223
1896,7079,0.680726470739241
1897,3333,0.502342624341965
1898,10689,0.581127414877673
1899,64,0.9988129993800008
1900,8847,0.589765594272315
1901,8377,0.6468728743106374
1902,4772,0.6891855304978047
1903,459,0.9965351192858217
1904,1151,0.8468184761554918
1905,1580,0.9697298851267496
1906,429,0.9045442437612755
1907,2401,0.8432324817353533
1908,3229,0.5320561866075044
1909,5988,0.5752925572573673
1910,3701,0.6896744999887949
1911,831,0.6853440784961097
1912,8803,0.6320734905118774
1913,2920,0.9711916230782904
1914,2099,0.9887630021847513
1915,1293,0.8954993584327753
1916,2824,0.9993707275324336
1917,1321,0.8139801890717928
1918,3077,0.7201199825176889
1919,2777,0.9796663994553184
1920,2694,0.9943664033135717
1921,6293,0.5132981039702336
1922,9658,0.605777399687419
1923,9985,0.5848642006386469
1924,5535,0.6430044713936982
1925,1257,0.97935103391186
1926,3073,0.5679054282519125
1927,721,0.7765927014543808
1928,1165,0.5902220000519437
1929,3458,0.6401650541348871
1930,1483,0.909768966631911
1931,10752,0.5285138244943334
1932,6661,0.5198254342086337
1933,2988,0.5864605551840065
1934,3579,0.6489135987001045
1935,6505,0.5862581892945422
1936,3519,0.5163120510347603
1937,9090,0.6010107594983015
1938,147,0.889442054876987
1939,9155,0.519167677175679
1940,7689,0.5298561163508663
1941,7196,0.5986961705893182
1942,1242,0.8723043826513475
1943,4723,0.5165353271664588
1944,3381,0.5133668950238905
1945,6758,0.5765868465926474
1946,7582,0.579146603847418
1947,5554,0.535632087220561
1948,8629,0.6458445014292952
1949,1167,0.9985126558352453
1950,4638,0.54317316891918
1951,9495,0.7113434271970247
1952,6446,0.5574640095703628
1953,6159,0.6228628770847605
1954,105,0.5382992971789494
1955,2566,0.7940836017845685
1956,856,0.999130702524365
1957,6740,0.6185955470851081
1958,7234,0.5306603670896735
1959,2226,0.9967083709598408
1960,8906,0.5567180041607849
1961,7003,0.595245654405022
1962,6594,0.643626834871222
1963,5768,0.5238414305085632
1964,8445,0.6231444800989153
1965,2647,0.9985078214807318
1966,3588,0.5155628133798631
1967,7543,0.5658289618855662
1968,1608,0.9747667609801215
1969,345,0.5387252839946739
1970,4434,0.5560994060704824
1971,2943,0.9879645886576796
1972,3398,0.663246190750757
1973,7432,0.5157705586049812
1974,1308,0.9937455281594861
1975,2856,0.9870750215677677
1976,2770,0.9944393540272867
1977,8732,0.6580274223271516
1978,5149,0.7250582002928545
1979,8170,0.6043210237715293
1980,10307,0.6272960801358156
1981,6993,0.5608651854927196
1982,7869,0.5051109760702613
1983,928,0.9987048593182528
1984,3917,0.5421502748843992
1985,1643,0.9862188761455407
1986,9071,0.5343103030438732
1987,9951,0.5151884306526766
1988,5257,0.6257917900782107
1989,3939,0.5100331877595974
1990,7944,0.5093846775206217
1991,9024,0.5355801969997749
1992,1872,0.9808858459663273
1993,7297,0.5308147126551441
1994,7269,0.5539005277943496
1995,7221,0.6338819584847915
1996,2288,0.6135409041663429
1997,7008,0.5386260043814339
1998,3756,0.6079586454298187
1999,9886,0.6151291536783952
2000,5330,0.5469341755118945
2001,796,0.9750088349920605
2002,8399,0.7016781673641743
2003,261,0.996245676141553
2004,6226,0.6327864228891473
2005,10141,0.5947409629112858
2006,3424,0.5878448842055648
2007,2674,0.9989711976272264
2008,4665,0.5394503555226687
2009,7807,0.5490330937115351
2010,7504,0.6758141307505146
2011,4302,0.5777976528602806
2012,5754,0.5421559031273344
2013,1294,0.9674746848813176
2014,2237,0.919824936977396
2015,1393,0.9721677614737083
2016,4985,0.6864725073189943
2017,404,0.9637406179416288
2018,3706,0.661028609110306
2019,2987,0.7032073215685819
2020,7804,0.5692073613980906
2021,5255,0.6758876360463947
2022,8508,0.5306594183492127
2023,7390,0.5486373749059016
2024,9485,0.5213012047704877
2025,5802,0.5106731994157698
2026,8747,0.5617595449499745
2027,1771,0.8112011521477168
2028,9797,0.691755344340691
2029,2269,0.7539856497175678
2030,5889,0.5647642165371562
2031,7454,0.5252285357186691
2032,5882,0.6001498504773339
2033,2192,0.9892272995248984
2034,7104,0.64576701498646
2035,9101,0.5063673221746585
2036,5479,0.5261570971967544
2037,2164,0.9694329046423668
2038,9347,0.5432300342861122
2039,8580,0.6592435395342444
2040,5538,0.5809716616046177
2041,4167,0.5746897859688662
2042,4854,0.5643373579158248
2043,2728,0.9035251511229101
2044,8159,0.5364244624839318
2045,2718,0.5743445850112963
2046,1261,0.6636196487182008
2047,2275,0.9664369493537202
2048,7294,0.5748298660563194
2049,6240,0.6043234048393947
2050,1717,0.8920517981083272
2051,4620,0.6645571148974282
2052,365,0.9984685904892797
2053,7815,0.5872310598040148
2054,3360,0.5315871446185262
2055,3827,0.5500673705978447
2056,4420,0.5932533455728064
2057,9399,0.6275160136436325
2058,8280,0.5198437152051916
2059,5274,0.5855788218065132
2060,814,0.7903808375396382
2061,938,0.9025037806982363
2062,6966,0.5329327369587245
2063,10002,0.5421523737030021
2064,48,0.9659228821616624
2065,8190,0.5930217999763487
2066,4104,0.6570062470989427
2067,10292,0.6513004947874798
2068,5213,0.6546179564670909
2069,7443,0.5175792335088611
2070,4586,0.5047749792374612
2071,5485,0.5395691909601872
2072,585,0.99538125307615
2073,5024,0.5760766084859797
2074,5846,0.5164104554546645
2075,9467,0.631151668436329
2076,9847,0.5805428999060933
2077,2769,0.9762347681256595
2078,6341,0.5597951788953393
2079,2311,0.8664010240181879
2080,1028,0.8584132691746562
2081,5513,0.5662389129888127
2082,1312,0.9521974364669612
2083,7831,0.6777078799368158
2084,6026,0.6094129714682995
2085,8685,0.5776801094622495
2086,964,0.9975100626207609
2087,4976,0.501505560851626
2088,1388,0.9982423135948738
2089,7694,0.722037994823251
2090,2869,0.8201452829200522
2091,4747,0.5592661876886755
2092,4759,0.5817987782214599
2093,7214,0.6277919759169859
2094,746,0.933249112413345
2095,8007,0.6201154112190246
2096,8759,0.623200548103158
2097,5518,0.5769919013966389
2098,5557,0.5482330064219105
2099,8815,0.6720338913940944
2100,9057,0.6332515355173617
2101,2076,0.9990918701565553
2102,4607,0.5878874160760588
2103,4599,0.6951673385715975
2104,4509,0.591842913831927
2105,2479,0.870847867829988
2106,8591,0.5078958627697558
2107,10433,0.556074065938214
2108,2348,0.9973255979666755
2109,10633,0.6080899209325301
2110,8641,0.6816433234003914
2111,7682,0.613100802083665
2112,9184,0.7072376666881878
2113,5992,0.5613029808943301
2114,4801,0.573547456537786
2115,6228,0.5870199873174602
2116,3037,0.9945259780170513
2117,8360,0.5993745371174206
2118,2820,0.7560975104201926
2119,4125,0.5003195480451972
2120,10894,0.6464791971803989
2121,7501,0.6336919353776814
2122,5248,0.556998866894713
2123,2430,0.9983771829004554
2124,4267,0.6302362154240859
2125,482,0.9898125705326527
2126,1001,0.7932264039454581
2127,10937,0.6201589833792667
2128,10597,0.6177059248206911
2129,9006,0.6722704513090452
2130,1525,0.9863052601953005
2131,6448,0.5210908579092528
2132,7456,0.659284120580095
2133,5448,0.68519508619563
2134,4884,0.5870902566056917
2135,3,0.9936282232602471
2136,5739,0.5749049569054733
2137,4476,0.593340103999392
2138,3280,0.5335241350812896
2139,3586,0.6502882081056707
2140,4566,0.502196602085417
2141,4852,0.661934436253639
2142,3270,0.6245104095712531
2143,1995,0.5493278743146387
2144,9697,0.6068773784356698
2145,1147,0.9735371671461754
2146,985,0.9414664462392129
2147,5508,0.5371794372909853
2148,8135,0.6653765452933553
2149,7706,0.6105832526214122
2150,2341,0.9964418653823252
2151,4411,0.5816708226140443
2152,3264,0.5225194445466498
2153,4289,0.5369497152911467
2154,9891,0.6393266040639213
2155,6849,0.5088695179518734
2156,1123,0.9917080470308397
2157,10521,0.5598048386293752
2158,1530,0.9478675715746461
2159,8394,0.5495522713154545
2160,843,0.975908484803224
2161,7862,0.5663483008337045
2162,7633,0.6054893476912802
2163,2624,0.9601926978283901
2164,4605,0.5541225423938827
2165,2202,0.9755096442929589
2166,8323,0.5841166063351021
2167,680,0.997320498581018
2168,181,0.8773460800388269
2169,3441,0.5040836247523066
2170,2021,0.5052001287974687
2171,799,0.8501042072936501
2172,1584,0.9548923691257569
2173,5176,0.7213018309148769
2174,1909,0.9748889219121715
2175,1836,0.9395855628272497
2176,7798,0.6418525013467462
2177,768,0.9984242623113134
2178,561,0.9675198132138398
2179,1106,0.9852681971966449
2180,3284,0.6158849835765426
2181,804,0.6322942412387619
2182,980,0.9938631011271707
2183,8619,0.7403260166031747
2184,5295,0.5052209709349127
2185,2601,0.8572818510547472
2186,9301,0.5257133216562269
2187,1051,0.9971190916413245
2188,8517,0.6345540161966052
2189,4324,0.6775924386399501
2190,6055,0.6611769564027101
2191,5078,0.5710077022042284
2192,3829,0.6944513107144702
2193,2326,0.9693982335579694
2194,9439,0.6598669695036947
2195,3434,0.5141894444655
2196,6745,0.5504777751416361
2197,2241,0.7980594290848011
2198,3585,0.5334996197078239
2199,10673,0.6953850936374287
2200,8809,0.7184293155025601
2201,10806,0.5250344866756559
2202,6179,0.6733342508041964
2203,2993,0.9971686224625044
2204,4260,0.6035528319095155
2205,759,0.9878709809513226
2206,10768,0.5213414532917274
2207,205,0.9373767259766858
2208,5156,0.5334729540894084
2209,8610,0.524608393556731
2210,1937,0.9920091299518217
2211,5127,0.5150138164757815
2212,4507,0.5880353679359483
2213,9942,0.5997107961927123
2214,1838,0.9780358481401993
2215,1012,0.7906310441139748
2216,9710,0.5175938497564457
2217,8027,0.5868187207163624
2218,8834,0.6288169188245802
2219,137,0.9959789711556745
2220,9314,0.6175009315664352
2221,858,0.8945518701433074
2222,8925,0.5682619036187305
2223,10360,0.6312669443267948
2224,6271,0.5916409226910235
2225,9610,0.5000416118900228
2226,5995,0.5521152435238853
2227,5947,0.5459108463009743
2228,1935,0.9138301137759045
2229,7241,0.5335607883187165
2230,3510,0.5180806684296696
2231,5620,0.5220962454197848
2232,5511,0.6202924310425038
2233,7990,0.6968910890327662
2234,4458,0.5826742664638735
2235,8242,0.5351036177563492
2236,3922,0.5765535361571976
2237,3633,0.6511471244987667
2238,3427,0.5315653681503831
2239,10358,0.6257843183726054
2240,4287,0.5493169354026123
2241,8527,0.5310905803949189
2242,7189,0.5571996626776872
2243,3754,0.5372841841590474
2244,7900,0.5308681559888049
2245,8945,0.7214134600608211
2246,9498,0.5437311596108759
2247,10966,0.5002159090959597
2248,10026,0.5689469762202841
2249,3918,0.5981198507010526
2250,9333,0.5928305223275879
2251,10635,0.6171317597802128
2252,5815,0.6872814222569219
2253,10529,0.7196592203757983
2254,348,0.9975409933569952
2255,10423,0.5255459154314823
2256,10814,0.5722353871636365
2257,511,0.9900473806512441
2258,3417,0.5634945375771758
2259,3723,0.600027474508579
2260,1698,0.9900443192024115
2261,10687,0.5880120644380729
2262,9125,0.6435490619315378
2263,10452,0.5719109040243475
2264,3514,0.649476840658887
2265,9501,0.5890910770365367
2266,2763,0.5512092544329711
2267,8535,0.5290867479518302
2268,4316,0.5581332343961591
2269,226,0.9747498792432302
2270,4815,0.57302766540516
2271,8265,0.6152648886563857
2272,7055,0.5976686916549259
2273,8315,0.5443746335573107
2274,6455,0.6926097622216154
2275,5167,0.7069399939066514
2276,8224,0.5782660529314807
2277,991,0.9643291604639174
2278,5903,0.5293997440559622
2279,439,0.9927934245928449
2280,8396,0.6323834818779197
2281,7490,0.5563326810180531
2282,4172,0.5856159097208287
2283,8313,0.6131313164039418
2284,10798,0.5699308138204536
2285,186,0.996332450602846
2286,4174,0.5860012992162256
2287,4170,0.5149296814243818
2288,7705,0.5286486105110115
2289,6400,0.6074796361853501
2290,8727,0.5588546856749959
2291,8748,0.522363452221381
2292,4439,0.643426915340511
2293,3952,0.5688606150078447
2294,5821,0.5862811010765584
2295,8192,0.5209925253273198
2296,9408,0.6315582250382991
2297,9160,0.5391094034585466
2298,2669,0.9758513776502875
2299,3895,0.5531690437584269
2300,8681,0.5490911412007041
2301,1207,0.9989284801811582
2302,6379,0.6958624316762106
2303,9387,0.6003212444540086
2304,7000,0.704996906031242
2305,6160,0.5388096889450499
2306,5403,0.5156297476395458
2307,1426,0.7708220551858692
2308,1413,0.5124807070686987
2309,7902,0.5811184477859568
2310,926,0.9984436928584435
2311,1885,0.992227963316565
2312,9490,0.5022877559405414
2313,6630,0.5435475586556513
2314,2998,0.9762849688656253
2315,10524,0.6486703483626577
2316,5418,0.5774586603035567
2317,749,0.9786268410173246
2318,4475,0.5253429144957553
2319,3790,0.5487866405051758
2320,3737,0.5073269211162783
2321,6077,0.5170861372991038
2322,8206,0.5545622568555856
2323,2899,0.9165423986011394
2324,10904,0.5144051522446659
2325,9859,0.6542554857849089
2326,10986,0.7188462235464518
2327,4959,0.6927587335630094
2328,3894,0.5628214426773637
2329,870,0.9988351832958982
2330,3030,0.9859838729645198
2331,8864,0.5519644693528905
2332,9587,0.5107115286283066
2333,2031,0.5326746177100922
2334,5229,0.5015491290681636
2335,9952,0.6360901021536542
2336,3463,0.5111614511509284
2337,9016,0.5809608419161453
2338,665,0.9597415376045004
2339,2827,0.7970510788600923
2340,6846,0.6781753513691247
2341,6315,0.6663755579269763
2342,707,0.9952165726927527
2343,5506,0.6715818763176685
2344,6048,0.5042098973674343
2345,156,0.9938991733803502
2346,1882,0.9933699622669395
2347,620,0.707704037222561
2348,6377,0.557837482479455
2349,1718,0.9983208193097435
2350,9799,0.6670398248324043
2351,9122,0.6073729079909679
2352,10751,0.5679129922396877
2353,5798,0.5390694562212603
2354,5174,0.5129887576106029
2355,10121,0.716107764310064
2356,8914,0.6494461156180581
2357,7012,0.5474152271937068
2358,9778,0.5007874687372063
2359,1770,0.9450063157342208
2360,6707,0.6557976088274509
2361,7788,0.5961974049375863
2362,6493,0.6323696958494177
2363,8114,0.5790291383813333
2364,4767,0.6813120167922033
2365,9277,0.5636258643454216
2366,5397,0.660772649440706
2367,4731,0.6349116975729473
2368,2671,0.5798464083111794
2369,4402,0.515438200281797
2370,1568,0.9092535755889182
2371,6578,0.6489834607950384
2372,5133,0.553450305768779
2373,5379,0.5635119243848741
2374,9641,0.5089579104802846
2375,3349,0.5508551492209026
2376,1415,0.9961879464394485
2377,1455,0.9188016556619419
2378,4404,0.6219411311270305
2379,4339,0.6871419576715878
2380,1977,0.9971408851072036
2381,4286,0.5823336177986382
2382,835,0.7692767574511932
2383,9020,0.6083741757336677
2384,4495,0.559260543160526
2385,2962,0.9938483690894823
2386,5360,0.5106580711218478
2387,9981,0.5519243401351109
2388,9897,0.6867144416450308
2389,2536,0.7112535219142141
2390,9093,0.6142345891632905
2391,9235,0.5757552664290579
2392,4794,0.6090418224898129
2393,8592,0.5011782677137417
2394,4905,0.5198603898902884
2395,7217,0.6503977060244298
2396,1597,0.9977519851281594
2397,2626,0.9769609863719866
2398,7161,0.5191956369814842
2399,2155,0.9198763228167045
2400,962,0.9989236944699872
2401,2531,0.9233294992772364
2402,10801,0.5329436684973836
2403,9261,0.6073995408247793
2404,127,0.9787135361940101
2405,3133,0.8858835347831386
2406,8744,0.5089035427425375
2407,8601,0.6031044213755632
2408,9983,0.5290892238244631
2409,4927,0.581368233177409
2410,1233,0.6214843231054991
2411,1027,0.7326945066696829
2412,5719,0.581695036521201
2413,2042,0.965833437323428
2414,3483,0.6070786870267586
2415,4650,0.5907707432708205
2416,7859,0.5091284527249358
2417,1128,0.9859100983124831
2418,1215,0.847317963037333
2419,9341,0.5905287297955699
2420,9953,0.5735586155983745
2421,10921,0.6695988395404393
2422,3919,0.6181115660784928
2423,1712,0.9923849449339607
2424,9138,0.5306587147350587
2425,1396,0.992762620695791
2426,117,0.9991268912798942
2427,1968,0.7196562787791978
2428,5447,0.5767756970939023
2429,6668,0.5460099720982663
2430,6021,0.5663202459176745
2431,3001,0.9954057185840659
2432,5632,0.7077905661748676
2433,1440,0.7676303920796341
2434,9852,0.6875545880836527
2435,10013,0.5748732117870129
2436,363,0.9980568071963472
2437,1325,0.9398175413078572
2438,3106,0.5568843182037289
2439,10253,0.5236840073389899
2440,9036,0.5788270177857362
2441,8243,0.6948154522072705
2442,7977,0.5664896507151833
2443,1506,0.9503364450334968
2444,275,0.8955777989995155
2445,9266,0.5393185608941559
2446,9932,0.656437844516676
2447,10641,0.626873018587742
2448,3156,0.6356836666737407
2449,10478,0.5017843962199938
2450,10123,0.5267954336560867
2451,9924,0.633138974896846
2452,4407,0.5353318369230404
2453,4318,0.6189371454533125
2454,2555,0.8723591322103568
2455,9112,0.5304530810138761
2456,2653,0.908078569279363
2457,8947,0.6833299452460125
2458,5306,0.554406876345229
2459,6932,0.5892575107118303
2460,354,0.9933717132807314
2461,6615,0.5527835212176384
2462,6964,0.502633194026682
2463,719,0.9877807319515992
2464,654,0.9189595893893686
2465,3987,0.5695819909583998
2466,6086,0.5511895446750135
2467,1792,0.9845104664555505
2468,10204,0.6737503294351005
2469,5862,0.5544396379545069
2470,1235,0.8124391123508671
2471,5434,0.5268460476693636
2472,7722,0.6553357435721914
2473,6137,0.5373047239735974
2474,1429,0.9305297618707578
2475,185,0.9963713528380576
2476,10077,0.5171510680200837
2477,5332,0.6026007159452065
2478,3234,0.5384782457403142
2479,6942,0.6674265439896607
2480,8888,0.5384588896142767
2481,2447,0.9897941310943464
2482,3825,0.7366639996619196
2483,4582,0.7156110437277131
2484,6965,0.6116188959698104
2485,9456,0.5769783625328021
2486,8103,0.5660269138195841
2487,3524,0.5445566816308456
2488,2374,0.8295277673722742
2489,10197,0.6767743739117807
2490,10823,0.5616629497175626
2491,4581,0.5650377747653806
2492,2193,0.5952418435527732
2493,7287,0.6476544347724118
2494,10932,0.6246645013418102
2495,5819,0.5282330595089223
2496,9707,0.5457303109851397
2497,1762,0.9244005361655135
2498,208,0.9959321656694068
2499,10333,0.7334081595078767
2500,10683,0.6044032673886535
2501,280,0.9987515782973558
2502,579,0.8319310737962085
2503,4512,0.5048559799344636
2504,10843,0.6397145497192209
2505,3113,0.9932500109738802
2506,3435,0.5535433255604938
2507,784,0.9955423824353758
2508,284,0.8939114087187308
2509,4299,0.5947073738267129
2510,10614,0.597216986333813
2511,4780,0.5514150445340769
2512,513,0.6170532803918393
2513,9356,0.5067780836826007
2514,940,0.8337349810360186
2515,6257,0.5695177535993985
2516,1456,0.9974544859167065
2517,5601,0.6300070686421719
2518,5259,0.5419385279479985
2519,5168,0.6158590833029225
2520,2886,0.9723571110486469
2521,2847,0.9277023219535369
2522,3604,0.6782698731184904
2523,5591,0.6768295033936863
2524,4640,0.5929188683322082
2525,2656,0.9978535818272795
2526,5042,0.5469936975391061
2527,7549,0.5731240821425894
2528,2967,0.9851975824826549
2529,7996,0.5558618193666789
2530,708,0.5593838879375495
2531,258,0.8240075135211881
2532,8885,0.590271721842631
2533,10032,0.5344962854807385
2534,4924,0.5492504276524441
2535,8512,0.6851961110656393
2536,5299,0.6655861974155411
2537,6682,0.6028205571810177
2538,3639,0.631998269480558
2539,5085,0.5897195959972178
2540,5817,0.527511691222787
2541,9056,0.6645173317173271
2542,9864,0.5273537439802722
2543,10546,0.7016229373695368
2544,4013,0.637114824521972
2545,1818,0.9989210386958914
2546,10909,0.6616433690334559
2547,3844,0.533810331401576
2548,832,0.8744382671683087
2549,6084,0.5119319735348846
2550,2418,0.998611808414379
2551,10467,0.6719869074072885
2552,10607,0.5493200192545968
2553,9104,0.6142702757631336
2554,5545,0.6883218989655772
2555,1610,0.8341784449685379
2556,9575,0.5938045092598272
2557,2381,0.9962622219698269
2558,7062,0.596039472049762
2559,2240,0.983609157257393
2560,10536,0.52292808431942
2561,4608,0.6492415898488332
2562,10703,0.506307905334805
2563,10734,0.5453361218930324
2564,6640,0.530034524311891
2565,2801,0.9726542825995228
2566,2015,0.9940722315282435
2567,7072,0.5514080995718085
2568,4850,0.6083946408050842
2569,5794,0.7186784477766912
2570,4810,0.637417690301848
2571,8408,0.5637812702307325
2572,3453,0.500698764659059
2573,5244,0.5431171658827713
2574,2176,0.9933843385638986
2575,453,0.9973419438813779
2576,9468,0.6090017758450024
2577,8634,0.6805001390796899
2578,2721,0.5104053116179184
2579,1626,0.9985046573389073
2580,4261,0.6406124291676178
2581,9879,0.5108981710988768
2582,1733,0.994530628659084
2583,3283,0.5628694343833798
2584,6962,0.5859685749794672
2585,9708,0.6635462488660131
2586,7497,0.5427794557201916
2587,3102,0.9976074435910172
2588,3094,0.9715056439296281
2589,7740,0.6751057861812656
2590,5129,0.5108574243020557
2591,1573,0.7475649201759947
2592,9503,0.6550691532027559
2593,7039,0.548627112489301
2594,7309,0.5480793568699731
2595,7216,0.5951464814850744
2596,9971,0.5056644425621234
2597,10438,0.6164547608648832
2598,8391,0.5032310886759619
2599,497,0.738223149909741
2600,1380,0.8622882724262857
2601,8337,0.5211154064987465
2602,7858,0.5433866370380759
2603,3830,0.516478216407206
2604,3259,0.556358876666945
2605,3892,0.639789224608133
2606,78,0.9924265229617305
2607,9273,0.6425622144769085
2608,7837,0.5169555673372995
2609,1223,0.8979496347860492
2610,752,0.6784471671604875
2611,373,0.9771095258081357
2612,7274,0.5101069616326384
2613,610,0.7838743299836977
2614,1360,0.9971793123132593
2615,10459,0.5114841685450987
2616,8782,0.5292364133991607
2617,5708,0.567190403967699
2618,10211,0.5398701732183341
2619,2903,0.7652102329044059
2620,2388,0.7603351477341355
2621,1354,0.9883810346430596
2622,983,0.8784053974623974
2623,449,0.8594410925479633
2624,4718,0.5314473994137687
2625,1334,0.867090771879059
2626,577,0.9833588266908488
2627,6571,0.5069840820954798
2628,3749,0.6683100263662551
2629,7601,0.5012219450901254
2630,8523,0.6650293791579516
2631,6323,0.6534130924181847
2632,9221,0.5757424229105929
2633,4311,0.7382411096534847
2634,44,0.9925025498140282
2635,2428,0.9710322867021963
2636,9918,0.5359039918475836
2637,160,0.999082037465557
2638,698,0.8687117213970731
2639,4833,0.5238900317053006
2640,7725,0.5008503090687656
2641,2744,0.7413898253949385
2642,7989,0.6342606197553251
2643,1866,0.9962341316088904
2644,10578,0.5157111223078583
2645,10668,0.6851242558168972
2646,8220,0.5670370241464877
2647,8421,0.6538932405700394
2648,6395,0.5518496130858443
2649,10851,0.5151050221918196
2650,9550,0.6201639755183315
2651,3008,0.9968732177806833
2652,8722,0.5918314850272669
2653,2366,0.6034186993004471
2654,9337,0.5515636845238202
2655,8860,0.644041765292724
2656,9544,0.5018217215252114
2657,2741,0.998834641837395
2658,6924,0.6548874949797592
2659,10229,0.5387669798399797
2660,7115,0.5673358365039649
2661,7464,0.611834112632857
2662,5867,0.6392806693648654
2663,6851,0.5688369491717337
2664,9743,0.6766789933204314
2665,8259,0.6997986155797735
2666,6744,0.6200824632142499
2667,9938,0.5562773903900168
2668,6359,0.5983889438997076
2669,1844,0.9969845013084384
2670,8202,0.5134901512915775
2671,3902,0.605236644885733
2672,10273,0.5337856751128258
2673,219,0.9846477412859385
2674,9187,0.5115224610774901
2675,426,0.997878906327888
2676,7860,0.6649314346846824
2677,7292,0.5573113573516416
2678,2174,0.8815048516882649
2679,10271,0.5288539224407577
2680,8235,0.5977492945793208
2681,3972,0.5090167176568002
2682,5105,0.6117918721429668
2683,1474,0.9816436268767512
2684,6747,0.5247071299459367
2685,5587,0.5826298474272583
2686,5463,0.5503158507733671
2687,9883,0.5721621905970529
2688,10527,0.6767080324225552
2689,57,0.9982021892734326
2690,2676,0.968741336549063
2691,645,0.9053681794616465
2692,7124,0.5010876672898202
2693,1358,0.9788159348413016
2694,1773,0.9827665758846208
2695,10571,0.6923612262521679
2696,6358,0.5198277464395523
2697,9059,0.5779963673606954
2698,2411,0.9965203581612493
2699,4881,0.5894237621199473
2700,5035,0.5887671463068935
2701,7588,0.5141843964153576
2702,71,0.764390528833344
2703,7805,0.565161119374163
2704,5605,0.5616765006300637
2705,7961,0.5127564355932821
2706,3425,0.5066152263323673
2707,9771,0.5627129881002053
2708,8745,0.5008217722547683
2709,5490,0.630367486353713
2710,4836,0.7135376434449446
2711,8680,0.6443034676068613
2712,6545,0.5099038519582392
2713,2898,0.9993733452752608
2714,8710,0.6828605218506277
2715,7548,0.5845502527559305
2716,7966,0.5901651160655315
2717,1628,0.9941025779072277
2718,5584,0.6561055353145556
2719,9775,0.6049640933527711
2720,5465,0.5775178916138318
2721,2184,0.9253970281949082
2722,7763,0.5702947047047118
2723,3481,0.5052083533399918
2724,4889,0.6615949696416416
2725,211,0.8682280576949934
2726,8840,0.6039176505723255
2727,504,0.9626852525747619
2728,10458,0.6001104930373119
2729,1726,0.5118620692958744
2730,4793,0.6575528611764034
2731,9780,0.5837808394354256
2732,9642,0.5855978233487881
2733,2978,0.9696684973727288
2734,9810,0.5794774363992122
2735,1348,0.9539324503488174
2736,9583,0.5255778798194668
2737,1206,0.9921337425750489
2738,6158,0.5775164259854418
2739,9755,0.6523034390288722
2740,9593,0.5100731420039849
2741,4389,0.5952326461845683
2742,7413,0.6094669856399751
2743,2739,0.9885522033470029
2744,339,0.7751183895841458
2745,5593,0.5043511644001613
2746,761,0.6547819407175595
2747,10978,0.553319435067593
2748,9403,0.562867257840441
2749,5534,0.5343020785713585
